{
    "coefficients": {
        "a": 1.0,
        "b": -1.0,
        "c": 0.0
    },
    "euler_angles": {
        "azimuth": 45.0,
        "elevation": 30.0,
        "roll": 15.0
    },
    "rotation_matrix": [
        [
            0.774519052838329,
            -0.5915063509461097,
            0.22414386804201336
        ],
        [
            0.6123724356957946,
            0.6123724356957946,
            -0.4999999999999999
        ],
        [
            0.1584936490538903,
            0.5245190528383289,
            0.8365163037378079
        ]
    ],
    "noise_level": 0.1,
    "num_points": 100
}